Cliente,Producto,Product_Type,pred_ventas,Channel_Inv,Sell_in,periodo_predicho,inventario_negativo_flag,inventario_disponible,gap_demanda,gap_abs,cobertura_semanas,prioridad_despacho,recomendacion
CUSTOMER82,"MON,S22D310EAN,22,UNITED STATES,LV40/S22",MON,347.8137,21.0,1200.0,2025-09-01,0,21.0,326.8137,326.8137,0.25958967,326.8137,Despachar / reabastecer
CUSTOMER74,"MINI COMPONENT,MX-T70,COLOMBIA",MINI COMPONENT,355.32172,159.0,220.0,2025-09-01,0,159.0,196.32172,196.32172,1.923939,196.32172,Despachar / reabastecer
CUSTOMER35,"FWM,SELACOL,CO,22",FWM,234.95839,67.0,64.0,2025-09-01,0,67.0,167.95839,167.95839,1.2259502,167.95839,Despachar / reabastecer
CUSTOMER27,"TABLET,SM-X210,GRAY,COO",TABLET,139.75952,0.0,150.0,2025-09-01,0,0.0,139.75952,139.75952,0.0,139.75952,Despachar / reabastecer
CUSTOMER35,"OWM,SELACOL,CO,19",OWM,181.63881,42.0,53.0,2025-09-01,0,42.0,139.63881,139.63881,0.9940457,139.63881,Despachar / reabastecer
CUSTOMER35,"LED TV,UN55U8200FK,55,COLOMBIA,UWS51/U55",LED TV,169.3473,36.0,37.0,2025-09-01,0,36.0,133.3473,133.3473,0.91386586,133.3473,Despachar / reabastecer
CUSTOMER43,"OWM,SAMCOL,CO,19",OWM,147.80028,19.0,102.0,2025-09-01,0,19.0,128.80028,128.80028,0.5526123,128.80028,Despachar / reabastecer
CUSTOMER35,"LED TV,UN43U8200FK,43,COLOMBIA,UWS51/U43",LED TV,132.509,37.0,83.0,2025-09-01,0,37.0,95.509,95.509,1.2002836,95.509,Despachar / reabastecer
CUSTOMER7,"RTF,264.0,120V 60HZ",RTF,299.43967,205.0,181.0,2025-09-01,0,205.0,94.43967,94.43967,2.943409,94.43967,Despachar / reabastecer
CUSTOMER35,"AV RECEIVER,HW-C400,COLOMBIA",AV RECEIVER,94.81465,3.0,84.0,2025-09-01,0,3.0,91.81465,91.81465,0.13599326,91.81465,Despachar / reabastecer
CUSTOMER35,"OWM,SELACOL,CO,13",OWM,125.4215,35.0,33.0,2025-09-01,0,35.0,90.4215,90.4215,1.1995425,90.4215,Despachar / reabastecer
CUSTOMER35,"OWM,SAMCOL,CO,19",OWM,161.52545,73.0,84.0,2025-09-01,0,73.0,88.52545,88.52545,1.94283,88.52545,Despachar / reabastecer
CUSTOMER27,"MOBILE,SM-A165M/DS,BLACK,LTC",MOBILE,87.764496,0.0,0.0,2025-09-01,0,0.0,87.764496,87.764496,0.0,87.764496,Despachar / reabastecer
CUSTOMER8,"OWM,SELACOL,CO,19",OWM,85.74582,0.0,0.0,2025-09-01,0,0.0,85.74582,85.74582,0.0,85.74582,Despachar / reabastecer
CUSTOMER87,"MOBILE,SM-A366E/DS,BLACK,LTC",MOBILE,102.06824,21.0,79.0,2025-09-01,0,21.0,81.06824,81.06824,0.8843297,81.06824,Despachar / reabastecer
CUSTOMER10,"OWM,SELACOL,CO,15",OWM,134.28046,54.0,87.0,2025-09-01,0,54.0,80.28046,80.28046,1.7286631,80.28046,Despachar / reabastecer
CUSTOMER39,"OWM,SELACOL,CO,13",OWM,302.83203,224.0,108.0,2025-09-01,0,224.0,78.83203,78.83203,3.1801896,78.83203,Despachar / reabastecer
CUSTOMER27,"TABLET,SM-X110,GRAY,L13",TABLET,78.51859,0.0,0.0,2025-09-01,0,0.0,78.51859,78.51859,0.0,78.51859,Despachar / reabastecer
CUSTOMER27,"TABLET,SM-X210,SILVER,COO",TABLET,78.25853,0.0,150.0,2025-09-01,0,0.0,78.25853,78.25853,0.0,78.25853,Despachar / reabastecer
CUSTOMER6,"MOBILE,SM-A366E/DS,LIGHT VIOLET,LTC",MOBILE,284.2227,214.0,0.0,2025-09-01,0,214.0,70.22269,70.22269,3.2371125,70.22269,Despachar / reabastecer
CUSTOMER35,"MOBILE,SM-S938B/DS,TITANIUM,LTC",MOBILE,70.21889,0.0,78.0,2025-09-01,0,0.0,70.21889,70.21889,0.0,70.21889,Despachar / reabastecer
CUSTOMER35,"RTF,264.0,120V 60HZ",RTF,81.20871,13.0,53.0,2025-09-01,0,13.0,68.20871,68.20871,0.68798554,68.20871,Despachar / reabastecer
CUSTOMER35,"MWO(COMMON),0.8,120V 60HZ,EBONY BLACK,TA",MWO(COMMON),130.00182,62.0,81.0,2025-09-01,0,62.0,68.001816,68.001816,2.0500627,68.001816,Despachar / reabastecer
CUSTOMER35,"MOBILE,SM-A266M/DS,BLACK,LTC",MOBILE,66.026184,0.0,102.0,2025-09-01,0,0.0,66.026184,66.026184,0.0,66.026184,Despachar / reabastecer
CUSTOMER35,"PROJECTOR,SP-LFF3CLAX,COLOMBIA,RWS10/R00",PROJECTOR,76.55701,12.0,22.0,2025-09-01,0,12.0,64.55701,64.55701,0.67362916,64.55701,Despachar / reabastecer
CUSTOMER35,"TABLET,SM-X210,SILVER,COO",TABLET,63.36146,0.0,40.0,2025-09-01,0,0.0,63.36146,63.36146,0.0,63.36146,Despachar / reabastecer
CUSTOMER35,"DW,REAL STAINLESS,120V 60HZ",DW,92.28963,29.0,29.0,2025-09-01,0,29.0,63.289627,63.289627,1.3505518,63.289627,Despachar / reabastecer
CUSTOMER88,"LED TV,UN50U8000FK,50,COLOMBIA,UWS51/U50",LED TV,62.805046,0.0,100.0,2025-09-01,0,0.0,62.805046,62.805046,0.0,62.805046,Despachar / reabastecer
CUSTOMER35,"MON,S27F610EAN,27,UNITED STATES,LQ51/S27",MON,63.822655,4.0,331.0,2025-09-01,0,4.0,59.822655,59.822655,0.26931533,59.822655,Despachar / reabastecer
CUSTOMER35,"FWM,SELACOL,CO,12.5",FWM,148.87811,93.0,24.0,2025-09-01,0,93.0,55.878113,55.878113,2.6853147,55.878113,Despachar / reabastecer
CUSTOMER8,"MWO(COMMON),1.4,120V 60HZ,REAL STAINLESS",MWO(COMMON),55.150826,0.0,33.0,2025-09-01,0,0.0,55.150826,55.150826,0.0,55.150826,Despachar / reabastecer
CUSTOMER35,"MOBILE,SM-S938B/DS,BLACK,LTC",MOBILE,54.14315,0.0,145.0,2025-09-01,0,0.0,54.14315,54.14315,0.0,54.14315,Despachar / reabastecer
CUSTOMER35,"TABLET,SM-X520,GRAY,COO",TABLET,54.062798,0.0,35.0,2025-09-01,0,0.0,54.062798,54.062798,0.0,54.062798,Despachar / reabastecer
CUSTOMER35,"OWM,SAMCOL,CO,13",OWM,82.0018,29.0,24.0,2025-09-01,0,29.0,53.0018,53.0018,1.5199014,53.0018,Despachar / reabastecer
CUSTOMER35,"MOBILE,SM-A566E/DS,BLACK,LTC",MOBILE,52.96129,0.0,257.0,2025-09-01,0,0.0,52.96129,52.96129,0.0,52.96129,Despachar / reabastecer
CUSTOMER27,"MOBILE,SM-A165M/DS,LIGHT GREEN,LTC",MOBILE,52.605392,0.0,0.0,2025-09-01,0,0.0,52.605392,52.605392,0.0,52.605392,Despachar / reabastecer
CUSTOMER74,"TWM,SELACOL,CO,7.5",TWM,631.1515,579.0,656.0,2025-09-01,0,579.0,52.15149,52.15149,3.9444265,52.15149,Despachar / reabastecer
CUSTOMER6,"OWM,SAMCOL,CO,13",OWM,80.86494,29.0,0.0,2025-09-01,0,29.0,51.864937,51.864937,1.5412581,51.864937,Despachar / reabastecer
CUSTOMER35,"TABLET,SM-X620,GRAY,COO",TABLET,50.73007,0.0,50.0,2025-09-01,0,0.0,50.73007,50.73007,0.0,50.73007,Despachar / reabastecer
CUSTOMER35,"FWM,SAMCOL,CO,26",FWM,91.642944,42.0,44.0,2025-09-01,0,42.0,49.642944,49.642944,1.9697677,49.642944,Despachar / reabastecer
CUSTOMER27,"TABLET,SM-P620,GRAY,COO",TABLET,47.940567,0.0,0.0,2025-09-01,0,0.0,47.940567,47.940567,0.0,47.940567,Despachar / reabastecer
CUSTOMER39,"OWM,SELACOL,CO,17",OWM,149.46794,102.0,102.0,2025-09-01,0,102.0,47.46794,47.46794,2.933565,47.46794,Despachar / reabastecer
CUSTOMER35,"TABLET,SM-X520,LIGHT BLUE,COO",TABLET,47.383713,0.0,51.0,2025-09-01,0,0.0,47.383713,47.383713,0.0,47.383713,Despachar / reabastecer
CUSTOMER82,"MON,S24D402GAN,24,UNITED STATES,LM41/S24",MON,117.33544,70.0,100.0,2025-09-01,0,70.0,47.33544,47.33544,2.5643551,47.33544,Despachar / reabastecer
CUSTOMER35,"RSS,603.0,120V 60HZ",RSS,81.6585,36.0,37.0,2025-09-01,0,36.0,45.6585,45.6585,1.8947021,45.6585,Despachar / reabastecer
CUSTOMER27,"MOBILE,SM-A165M/DS,GRAY,LTC",MOBILE,44.467804,0.0,0.0,2025-09-01,0,0.0,44.467804,44.467804,0.0,44.467804,Despachar / reabastecer
CUSTOMER35,"MOBILE,SM-S938B/DS,BLUE,LTC",MOBILE,42.628197,0.0,45.0,2025-09-01,0,0.0,42.628197,42.628197,0.0,42.628197,Despachar / reabastecer
CUSTOMER7,"OWM,SAMCOL,CO,13",OWM,397.3167,355.0,814.0,2025-09-01,0,355.0,42.31671,42.31671,3.8416076,42.31671,Despachar / reabastecer
CUSTOMER35,"MOBILE,SM-A266M/DS,WHITE,LTC",MOBILE,41.959507,0.0,71.0,2025-09-01,0,0.0,41.959507,41.959507,0.0,41.959507,Despachar / reabastecer
CUSTOMER35,"FWM,SELACOL,CO,18",FWM,60.912285,19.0,14.0,2025-09-01,0,19.0,41.912285,41.912285,1.3403269,41.912285,Despachar / reabastecer
